{
    "version": 1,
    "author": "Gundala 11",
    "editor": "wokwi",
    "parts": [
      { "type": "board-esp32-devkit-c-v4", "id": "esp", "top": 0, "left": 0, "attrs": {} },
      {
        "type": "wokwi-led",
        "id": "led1",
        "top": -70.8,
        "left": -34.6,
        "attrs": { "color": "orange" }
      },
      { "type": "wokwi-led", "id": "led2", "top": -3.6, "left": -73, "attrs": { "color": "green" } }
    ],
    "connections": [
      [ "esp:TX", "$serialMonitor:RX", "", [] ],
      [ "esp:RX", "$serialMonitor:TX", "", [] ],
      [ "led1:A", "esp:33", "green", [ "v0" ] ],
      [ "led1:C", "esp:GND.1", "green", [ "v0" ] ],
      [ "led2:A", "esp:25", "green", [ "v0" ] ],
      [ "led2:C", "esp:GND.1", "green", [ "v0" ] ]
    ],
    "dependencies": {}
  }