{
    "version": 1,
    "author": "Gundala 11",
    "editor": "wokwi",
    "parts": [
      { "type": "board-esp32-devkit-c-v4", "id": "esp", "top": 0, "left": 0, "attrs": {} },
      {
        "type": "wokwi-hc-sr04",
        "id": "ultrasonic1",
        "top": 43.5,
        "left": 221.7,
        "rotate": 90,
        "attrs": {}
      }
    ],
    "connections": [
      [ "esp:TX", "$serialMonitor:RX", "", [] ],
      [ "esp:RX", "$serialMonitor:TX", "", [] ],
      [ "ultrasonic1:VCC", "esp:5V", "red", [ "h-115.2", "v182.4", "h-153.6", "v-57.6" ] ],
      [ "ultrasonic1:TRIG", "esp:5", "green", [ "h0" ] ],
      [ "ultrasonic1:ECHO", "esp:18", "green", [ "h-134.4", "v8.8" ] ],
      [ "ultrasonic1:GND", "esp:CMD", "black", [ "h-96", "v142.8", "h-172.8", "v-57.6" ] ]
    ],
    "dependencies": {}
  }