{
    "version": 1,
    "author": "Gundala 11",
    "editor": "wokwi",
    "parts": [
      { "type": "board-esp32-devkit-c-v4", "id": "esp", "top": 0, "left": 0, "attrs": {} },
      { "type": "wokwi-led", "id": "led1", "top": 150, "left": 176.6, "attrs": { "color": "red" } },
      { "type": "wokwi-relay-module", "id": "relay1", "top": -95.8, "left": 268.8, "attrs": {} },
      {
        "type": "wokwi-pushbutton",
        "id": "btn1",
        "top": 73.4,
        "left": 230.4,
        "attrs": { "color": "green", "xray": "1" }
      }
    ],
    "connections": [
      [ "esp:TX", "$serialMonitor:RX", "", [] ],
      [ "esp:RX", "$serialMonitor:TX", "", [] ],
      [ "relay1:VCC", "esp:3V3", "red", [ "h-297.6", "v105.6" ] ],
      [ "relay1:GND", "esp:GND.2", "black", [ "h0" ] ],
      [ "relay1:IN", "esp:23", "green", [ "h-115.2", "v95.8", "h-9.6" ] ],
      [ "btn1:1.l", "esp:19", "green", [ "h-115.2", "v9.6" ] ],
      [ "btn1:2.l", "esp:GND.2", "green", [ "h0", "v-76.6" ] ],
      [ "led1:C", "esp:GND.2", "green", [ "v0", "h-38", "v-163.2" ] ],
      [ "led1:A", "esp:18", "green", [ "v0", "h9.6", "v-86.4" ] ]
    ],
    "dependencies": {}
  }