{
    "version": 1,
    "author": "Gundala 11",
    "editor": "wokwi",
    "parts": [
        { "type": "board-esp32-devkit-c-v4", "id": "esp", "top": 0, "left": 0, "attrs": {} },
        {
            "type": "wokwi-led",
            "id": "ledMerah",
            "top": -60,
            "left": -100,
            "attrs": { "color": "red" }
        },
        {
            "type": "wokwi-led",
            "id": "ledKuning",
            "top": 0,
            "left": -120,
            "attrs": { "color": "yellow" }
        },
        {
            "type": "wokwi-led",
            "id": "ledHijau",
            "top": 40,
            "left": -140,
            "attrs": { "color": "green" }
        },
        {
            "type": "wokwi-resistor",
            "id": "resistorMerah",
            "attrs": { "value": "220" }
        },
        {
            "type": "wokwi-resistor",
            "id": "resistorKuning",
            "attrs": { "value": "220" }
        },
        {
            "type": "wokwi-resistor",
            "id": "resistorHijau",
            "attrs": { "value": "220" }
        }
    ],
    "connections": [
        [ "esp:TX", "$serialMonitor:RX", "", [] ],
        [ "esp:RX", "$serialMonitor:TX", "", [] ],
        [ "ledMerah:A", "esp:26", "green", [ "v0" ] ],
        [ "ledMerah:C", "resistorMerah:1", "blue", [ "v0" ] ],
        [ "resistorMerah:2", "esp:GND.1", "black", [ "v0" ] ],
        [ "ledKuning:A", "esp:33", "green", [ "v0" ] ],  
        [ "ledKuning:C", "resistorKuning:1", "blue", [ "v0" ] ],
        [ "resistorKuning:2", "esp:GND.1", "black", [ "v0" ] ],
        [ "ledHijau:A", "esp:25", "green", [ "v0" ] ],
        [ "ledHijau:C", "resistorHijau:1", "blue", [ "v0" ] ],
        [ "resistorHijau:2", "esp:GND.1", "black", [ "v0" ] ]
    ],
    "dependencies": {}
}